,2000,2001,2002,2003,2004,2005,2006,2007,2008,2009,2010,2011
2000,1.0,0.9994874682224609,0.9983721694369687,0.9967042483089001,0.9945969729967546,0.9923513564703075,0.988967184882563,0.9849769311714042,0.9807011980144428,0.9775071457032151,0.9742121817999972,0.971038282530109
2001,0.9994874682224609,1.0,0.9995450251369038,0.9984567917184299,0.9968396957186796,0.9948879751948704,0.9920044882052838,0.9883653308179767,0.9845148880192118,0.9815844460594219,0.978413307214095,0.9753696046143818
2002,0.9983721694369687,0.9995450251369038,1.0,0.9995149879029899,0.998535703206263,0.9970325544630362,0.9946213291399287,0.991464211987676,0.9880896668577428,0.9854051919144955,0.9824245778984837,0.9795293501576068
2003,0.9967042483089001,0.9984567917184299,0.9995149879029899,1.0,0.9994616510280002,0.9984125507811813,0.9967064404282326,0.9940422222647848,0.9911920985954868,0.9888002288549046,0.9861847278869912,0.9834513278344773
2004,0.9945969729967546,0.9968396957186796,0.998535703206263,0.9994616510280002,1.0,0.9995621328633449,0.998495945721984,0.996559655138766,0.994246856709882,0.9921543785498059,0.9899105264916853,0.9873556968551502
2005,0.9923513564703075,0.9948879751948704,0.9970325544630362,0.9984125507811813,0.9995621328633449,1.0,0.9994367019188258,0.9981125011770599,0.9962794675866692,0.9945454187481325,0.9924114708248533,0.9901761178817184
2006,0.988967184882563,0.9920044882052838,0.9946213291399287,0.9967064404282326,0.998495945721984,0.9994367019188258,1.0,0.9994764085017624,0.9983232674037734,0.9969721143469525,0.9954325597594011,0.9934848306531745
2007,0.9849769311714042,0.9883653308179767,0.991464211987676,0.9940422222647848,0.996559655138766,0.9981125011770599,0.9994764085017624,1.0,0.9994567371069163,0.9984815454184186,0.9973641564911208,0.9958670717961388
2008,0.9807011980144428,0.9845148880192118,0.9880896668577428,0.9911920985954868,0.994246856709882,0.9962794675866692,0.9983232674037734,0.9994567371069163,1.0,0.9995038585259143,0.9987875216357733,0.997597054436357
2009,0.9775071457032151,0.9815844460594219,0.9854051919144955,0.9888002288549046,0.9921543785498059,0.9945454187481325,0.9969721143469525,0.9984815454184186,0.9995038585259143,1.0,0.9994039727884378,0.9987423736628654
2010,0.9742121817999972,0.978413307214095,0.9824245778984837,0.9861847278869912,0.9899105264916853,0.9924114708248533,0.9954325597594011,0.9973641564911208,0.9987875216357733,0.9994039727884378,1.0,0.9994762366094867
2011,0.971038282530109,0.9753696046143818,0.9795293501576068,0.9834513278344773,0.9873556968551502,0.9901761178817184,0.9934848306531745,0.9958670717961388,0.997597054436357,0.9987423736628654,0.9994762366094867,1.0
