fertility_group_Low (<2),fertility_group_Medium (2-3),fertility_group_High (>3)
1,0,0
1,0,0
0,0,1
0,0,1
1,0,0
1,0,0
0,1,0
1,0,0
0,1,0
0,1,0
1,0,0
1,0,0
1,0,0
0,0,1
1,0,0
0,0,1
0,0,1
0,1,0
1,0,0
0,1,0
1,0,0
1,0,0
1,0,0
0,1,0
1,0,0
0,0,1
1,0,0
1,0,0
0,1,0
0,1,0
0,1,0
0,1,0
0,0,1
1,0,0
1,0,0
1,0,0
1,0,0
1,0,0
0,0,1
0,0,1
0,0,1
0,1,0
0,0,1
0,1,0
1,0,0
1,0,0
0,1,0
0,1,0
1,0,0
1,0,0
1,0,0
0,0,1
0,1,0
1,0,0
0,1,0
0,1,0
0,1,0
0,1,0
0,0,1
1,0,0
1,0,0
0,0,1
1,0,0
0,1,0
0,1,0
0,1,0
0,0,1
0,0,1
1,0,0
1,0,0
0,0,1
0,0,1
0,0,1
0,0,1
0,0,1
1,0,0
0,1,0
0,1,0
0,0,1
0,1,0
0,1,0
1,0,0
0,0,1
1,0,0
0,0,1
1,0,0
0,1,0
0,1,0
0,1,0
0,1,0
1,0,0
0,0,1
0,1,0
0,0,1
1,0,0
0,1,0
0,0,1
1,0,0
0,1,0
0,0,1
0,0,1
0,1,0
0,0,1
0,1,0
1,0,0
0,1,0
0,1,0
0,0,1
1,0,0
0,0,1
0,1,0
1,0,0
0,1,0
1,0,0
0,1,0
0,0,1
1,0,0
1,0,0
1,0,0
1,0,0
1,0,0
0,1,0
0,1,0
1,0,0
0,0,1
0,1,0
0,1,0
0,1,0
1,0,0
0,0,1
1,0,0
0,1,0
1,0,0
0,1,0
0,1,0
0,0,1
0,0,1
1,0,0
0,0,1
0,1,0
0,0,1
0,1,0
0,0,1
0,0,1
0,1,0
1,0,0
1,0,0
0,1,0
0,1,0
1,0,0
0,1,0
0,0,1
0,0,1
0,1,0
0,1,0
0,0,1
0,1,0
0,0,1
1,0,0
1,0,0
0,1,0
1,0,0
0,1,0
0,0,1
0,1,0
0,1,0
1,0,0
1,0,0
0,0,1
0,1,0
0,0,1
0,0,1
1,0,0
0,0,1
0,0,1
0,1,0
0,1,0
0,0,1
1,0,0
0,0,1
0,0,1
0,1,0
1,0,0
1,0,0
1,0,0
0,0,1
0,1,0
0,1,0
0,0,1
0,1,0
0,0,1
0,0,1
1,0,0
0,0,1
0,1,0
0,0,1
0,0,1
1,0,0
0,1,0
0,1,0
0,1,0
0,0,1
0,0,1
1,0,0
0,1,0
1,0,0
0,1,0
0,1,0
0,1,0
1,0,0
1,0,0
0,0,1
0,0,1
0,0,1
0,0,1
0,1,0
0,0,1
0,0,1
0,0,1
