Country Name,Country Code,2000,2001,2002,2003,2004,2005,2006,2007,2008,2009,2010,2011,outlier_2010,fertility_2010_normalized,fertility_group,country_code_encoded
Aruba,ABW,1.874,1.848,1.825,1.805,1.786,1.769,1.754,1.739,1.726,1.713,1.7009999999999998,1.69,0,0.10606290837258775,Low (<2),1
Andorra,AND,2.6784999999999997,2.614,2.5585,2.524,2.518,2.496,1.24,1.18,1.25,1.19,1.22,2.334,0,0.03297371220179306,Low (<2),5
Afghanistan,AFG,7.733,7.622999999999997,7.484,7.3210000000000015,7.136,6.93,6.702000000000001,6.456,6.1960000000000015,5.928,5.659,5.395,0,0.7074912627260295,High (>3),2
Angola,AGO,6.843999999999999,6.811,6.778,6.742999999999999,6.704,6.657,6.598,6.523,6.434,6.331,6.218,6.099,0,0.7924327609785747,High (>3),3
Albania,ALB,2.383,2.291,2.195,2.097,2.004,1.919,1.849,1.796,1.761,1.744,1.741,1.7480000000000002,0,0.11214101200425472,Low (<2),4
United Arab Emirates,ARE,2.644,2.532,2.428,2.329,2.236,2.149,2.071,2.004,1.948,1.903,1.868,1.841,0,0.1314389910347972,Low (<2),6
Argentina,ARG,2.477,2.424,2.379,2.34,2.31,2.286,2.268,2.254,2.241,2.228,2.215,2.201,0,0.1841665400395077,Medium (2-3),7
Armenia,ARM,1.6880000000000002,1.6840000000000002,1.692,1.704,1.715,1.724,1.7280000000000002,1.731,1.734,1.736,1.7380000000000002,1.7380000000000002,0,0.1116851542318797,Low (<2),8
American Samoa,ASM,2.6784999999999997,2.614,2.5585,2.524,2.518,2.496,2.425,2.4225000000000003,2.384,2.374,2.3440000000000003,2.334,0,0.20376842425163358,Medium (2-3),9
Antigua and Barbuda,ATG,2.316,2.305,2.2880000000000003,2.268,2.246,2.224,2.2030000000000003,2.1830000000000003,2.164,2.146,2.13,2.115,0,0.17125056982221548,Medium (2-3),10
Australia,AUS,1.756,1.739,1.756,1.7480000000000002,1.768,1.807,1.883,1.931,1.933,1.857,1.87,1.87,0,0.13174289621638052,Low (<2),11
Austria,AUT,1.36,1.33,1.39,1.38,1.42,1.41,1.41,1.38,1.41,1.39,1.44,1.42,0,0.06640328217596111,Low (<2),12
Azerbaijan,AZE,2.0,1.8,1.8,1.9,2.0540000000000003,2.0,1.97,1.97,1.9,1.82,1.92,1.92,0,0.13934052575596415,Low (<2),13
Burundi,BDI,7.057,7.0,6.939,6.8729999999999976,6.803,6.729,6.65,6.567,6.481,6.393,6.303999999999999,6.214,0,0.8055006837866585,High (>3),14
Belgium,BEL,1.67,1.663,1.66,1.66,1.72,1.76,1.8,1.82,1.86,1.84,1.84,1.84,0,0.12718431849263034,Low (<2),15
Benin,BEN,5.975,5.898,5.818,5.733,5.645,5.553,5.459,5.365,5.273,5.182,5.095,5.01,0,0.6217900015195259,High (>3),16
Burkina Faso,BFA,6.5920000000000005,6.5310000000000015,6.468,6.403,6.335,6.265,6.193,6.1160000000000005,6.037000000000001,5.954,5.869,5.7810000000000015,0,0.7394013067922808,High (>3),17
Bangladesh,BGD,3.12,3.011,2.905,2.802,2.702,2.607,2.52,2.443,2.377,2.322,2.277,2.24,0,0.19358760066859146,Medium (2-3),18
Bulgaria,BGR,1.26,1.21,1.21,1.23,1.29,1.32,1.38,1.42,1.48,1.57,1.49,1.51,0,0.07400091171554476,Low (<2),19
Bahrain,BHR,2.765,2.718,2.665,2.602,2.529,2.449,2.367,2.292,2.229,2.1790000000000003,2.142,2.115,0,0.17307400091171557,Medium (2-3),20
"Bahamas, The",BHS,2.071,1.989,1.924,1.88,1.857,1.853,1.862,1.876,1.889,1.898,1.901,1.898,0,0.13645342653092238,Low (<2),21
Bosnia and Herzegovina,BIH,1.381,1.325,1.275,1.236,1.21,1.199,1.199,1.207,1.218,1.23,1.242,1.255,0,0.03631666919920987,Low (<2),22
Belarus,BLR,1.31,1.27,1.22,1.21,1.2,1.21,1.287,1.37,1.42,1.42,1.44,1.51,0,0.06640328217596111,Low (<2),23
Belize,BLZ,3.594,3.4930000000000003,3.395,3.299,3.208,3.122,3.043,2.971,2.907,2.8510000000000004,2.801,2.756,0,0.2732107582434281,Medium (2-3),24
Bermuda,BMU,1.74,2.614,2.5585,2.524,2.518,1.7519999999999998,1.754,1.757,1.759,1.7619999999999998,1.764,1.764,0,0.11563592159246318,Low (<2),25
Bolivia,BOL,4.14,4.062,3.982,3.897,3.809,3.72,3.633,3.551,3.477,3.4130000000000003,3.357,3.3080000000000003,0,0.35769639872359826,High (>3),26
Brazil,BRA,2.364,2.318,2.264,2.202,2.135,2.066,2.001,1.944,1.897,1.862,1.838,1.822,0,0.126880413311047,Low (<2),27
Barbados,BRB,1.768,1.78,1.791,1.801,1.81,1.817,1.822,1.827,1.831,1.835,1.839,1.842,0,0.12703236590183864,Low (<2),28
Brunei Darussalam,BRN,2.401,2.341,2.292,2.249,2.211,2.177,2.147,2.119,2.095,2.072,2.051,2.031,0,0.15924631514967336,Medium (2-3),29
Bhutan,BTN,3.608,3.417,3.237,3.071,2.923,2.793,2.682,2.587,2.506,2.436,2.375,2.322,0,0.20847895456617538,Medium (2-3),30
Botswana,BWA,3.4130000000000003,3.3160000000000003,3.227,3.148,3.079,3.017,2.962,2.91,2.86,2.8110000000000004,2.761,2.712,0,0.26713265461176117,Medium (2-3),31
Sub-Saharan Africa (IFC classification),CAA,2.6784999999999997,2.614,2.5585,2.524,2.518,2.496,2.425,2.4225000000000003,2.384,2.374,2.3440000000000003,2.334,0,0.20376842425163358,Medium (2-3),32
Central African Republic,CAF,5.4460000000000015,5.393,5.329,5.2570000000000014,5.176,5.089,4.997,4.9030000000000005,4.809,4.716,4.626,4.538,0,0.5505242364382313,High (>3),33
Canada,CAN,1.49,1.505,1.52,1.53,1.53,1.54,1.586,1.659,1.681,1.668,1.6269999999999998,1.6269999999999998,0,0.09481841665400394,Low (<2),34
Switzerland,CHE,1.5,1.38,1.39,1.39,1.42,1.42,1.44,1.46,1.48,1.5,1.52,1.52,0,0.07855948943929497,Low (<2),35
Channel Islands,CHI,1.402,1.404,1.408,1.411,1.413,1.415,1.4169999999999998,1.42,1.4240000000000002,1.43,1.436,1.444,0,0.06579547181279442,Low (<2),36
Chile,CHL,2.087,2.047,2.014,1.985,1.96,1.939,1.92,1.903,1.888,1.873,1.858,1.844,0,0.12991946512688046,Low (<2),37
China,CHN,1.51,1.514,1.527,1.546,1.5659999999999998,1.585,1.602,1.617,1.63,1.642,1.65,1.6569999999999998,0,0.09831332624221244,Low (<2),38
Cote d'Ivoire,CIV,5.375,5.289,5.207000000000002,5.13,5.06,5.0,4.956,4.928,4.913,4.909,4.91,4.907,0,0.5936787722230664,High (>3),39
Cameroon,CMR,5.621,5.567,5.515,5.464,5.412999999999999,5.358,5.299,5.235,5.167000000000002,5.093999999999999,5.017,4.939,0,0.6099376994377755,High (>3),40
"Congo, Rep.",COG,5.134,5.131,5.127999999999999,5.125,5.122000000000001,5.119,5.114,5.109,5.101,5.089,5.072,5.046,0,0.6182950919313175,High (>3),42
Colombia,COL,2.64,2.603,2.57,2.542,2.518,2.496,2.475,2.454,2.43,2.405,2.376,2.346,0,0.20863090715696705,Medium (2-3),43
Comoros,COM,5.315,5.313,5.303,5.283,5.254,5.216,5.167999999999998,5.112,5.051,4.9860000000000015,4.919,4.85,0,0.5950463455401914,High (>3),44
Cabo Verde,CPV,3.701,3.527,3.357,3.192,3.037,2.895,2.77,2.66,2.567,2.49,2.427,2.375,0,0.21638048928734238,Medium (2-3),45
Costa Rica,CRI,2.414,2.345,2.275,2.204,2.134,2.067,2.006,1.953,1.909,1.874,1.847,1.827,0,0.12824798662817202,Low (<2),46
Cuba,CUB,1.626,1.626,1.621,1.61,1.592,1.57,1.545,1.52,1.4980000000000002,1.48,1.467,1.459,0,0.0705060021273363,Low (<2),47
Curacao,CUW,2.6784999999999997,2.614,2.5585,2.524,2.518,2.496,2.1,2.0,2.2,2.1,2.2,2.334,0,0.18188725117763263,Medium (2-3),48
Cayman Islands,CYM,2.6784999999999997,2.614,2.5585,2.524,2.518,2.496,2.425,2.4225000000000003,2.384,2.374,2.3440000000000003,2.334,0,0.20376842425163358,Medium (2-3),49
Cyprus,CYP,1.714,1.658,1.6130000000000002,1.577,1.5490000000000002,1.529,1.514,1.503,1.493,1.485,1.4780000000000002,1.47,0,0.07217748062604473,Low (<2),50
Czech Republic,CZE,1.14,1.14,1.17,1.18,1.23,1.28,1.33,1.44,1.5,1.49,1.49,1.43,0,0.07400091171554476,Low (<2),51
Germany,DEU,1.38,1.35,1.34,1.34,1.36,1.34,1.33,1.37,1.38,1.36,1.39,1.36,0,0.05880565263637746,Low (<2),52
Djibouti,DJI,4.468999999999999,4.353,4.253,4.16,4.074,3.991,3.911,3.832,3.755,3.679,3.604,3.53,0,0.3952286886491415,High (>3),53
Dominica,DMA,2.6784999999999997,2.614,1.9,1.9,2.518,2.496,2.425,2.4225000000000003,2.384,2.374,2.3440000000000003,2.334,0,0.20376842425163358,Medium (2-3),54
Denmark,DNK,1.77,1.74,1.72,1.76,1.78,1.8,1.85,1.84,1.89,1.84,1.87,1.75,0,0.13174289621638052,Low (<2),55
Dominican Republic,DOM,2.892,2.863,2.8360000000000003,2.809,2.781,2.7510000000000003,2.719,2.6860000000000004,2.652,2.6180000000000003,2.584,2.551,0,0.24023704604163507,Medium (2-3),56
Algeria,DZA,2.514,2.439,2.407,2.412,2.448,2.507,2.58,2.656,2.725,2.781,2.817,2.829,0,0.2756419996960949,Medium (2-3),57
Ecuador,ECU,3.068,3.025,2.983,2.94,2.897,2.853,2.81,2.768,2.728,2.69,2.655,2.622,0,0.2510256799878438,Medium (2-3),58
"Egypt, Arab Rep.",EGY,3.306,3.242,3.184,3.134,3.091,3.053,3.02,2.987,2.954,2.919,2.883,2.845,0,0.2856708706883453,Medium (2-3),59
Eritrea,ERI,5.94,5.86,5.774,5.681,5.5820000000000025,5.478,5.372000000000001,5.266,5.162999999999999,5.063,4.968,4.875,0,0.6024920224889835,High (>3),60
Spain,ESP,1.23,1.24,1.26,1.31,1.32,1.34,1.37,1.39,1.46,1.39,1.38,1.36,0,0.05728612672846072,Low (<2),61
Estonia,EST,1.38,1.34,1.37,1.37,1.47,1.5,1.55,1.63,1.65,1.62,1.63,1.52,0,0.09527427442637898,Low (<2),62
Ethiopia,ETH,6.529,6.38,6.218,6.046,5.87,5.693,5.52,5.353,5.193,5.043,4.902,4.769,0,0.5924631514967331,High (>3),63
Finland,FIN,1.73,1.73,1.72,1.76,1.8,1.8,1.84,1.83,1.85,1.86,1.87,1.83,0,0.13174289621638052,Low (<2),64
Fiji,FJI,3.09,3.0460000000000003,3.0010000000000003,2.954,2.907,2.86,2.8160000000000003,2.774,2.736,2.701,2.67,2.641,0,0.2533049688497189,Medium (2-3),65
France,FRA,1.89,1.9,1.88,1.89,1.92,1.94,2.0,1.98,2.01,2.0,2.03,2.03,0,0.15605531074304815,Medium (2-3),66
Faeroe Islands,FRO,2.6784999999999997,2.614,2.5585,2.524,2.518,2.496,2.425,2.4225000000000003,2.384,2.374,2.3440000000000003,2.334,0,0.20376842425163358,Medium (2-3),67
"Micronesia, Fed. Sts.",FSM,4.3,4.204,4.105,4.007,3.912,3.823,3.739,3.661,3.589,3.522,3.46,3.402,0,0.37334751557514056,High (>3),68
Gabon,GAB,4.6,4.544,4.494,4.449,4.408,4.37,4.335,4.303999999999999,4.275,4.246,4.214,4.178,0,0.4879197690320621,High (>3),69
United Kingdom,GBR,1.64,1.63,1.64,1.71,1.77,1.78,1.84,1.9,1.96,1.94,1.98,1.98,0,0.14845768120346453,Low (<2),70
Georgia,GEO,1.609,1.592,1.5930000000000002,1.609,1.639,1.6780000000000002,1.719,1.758,1.788,1.809,1.82,1.822,0,0.12414526667679687,Low (<2),71
Ghana,GHA,4.669,4.617,4.566,4.512,4.455,4.392,4.3260000000000005,4.257,4.188,4.119,4.052,3.985,0,0.4633034493238109,High (>3),72
Guinea,GIN,5.939,5.8660000000000005,5.794,5.722,5.649,5.5760000000000005,5.501,5.422999999999999,5.343,5.26,5.174,5.088,0,0.6337942561920682,High (>3),73
"Gambia, The",GMB,5.9170000000000025,5.891,5.867000000000001,5.845,5.827000000000001,5.812,5.803,5.799,5.797999999999999,5.797999999999999,5.796,5.789,0,0.7283087676644887,High (>3),74
Guinea-Bissau,GNB,5.845,5.766,5.69,5.614,5.539,5.462999999999999,5.388999999999999,5.317,5.247000000000001,5.18,5.115,5.052,0,0.6248290533353594,High (>3),75
Equatorial Guinea,GNQ,5.773,5.727,5.678,5.627000000000002,5.574,5.518,5.4570000000000025,5.39,5.314,5.231,5.14,5.044,0,0.6286278681051511,High (>3),76
Greece,GRC,1.26,1.25,1.27,1.28,1.3,1.33,1.4,1.41,1.51,1.52,1.51,1.43,0,0.07703996353137824,Low (<2),77
Grenada,GRD,2.582,2.512,2.455,2.4090000000000003,2.373,2.344,2.321,2.301,2.282,2.262,2.24,2.217,0,0.18796535480929957,Medium (2-3),78
Greenland,GRL,2.3080000000000003,2.451,2.489,2.361,2.42,2.3,2.26,2.23,2.247,2.359,2.2,2.1,0,0.18188725117763263,Medium (2-3),79
Guatemala,GTM,4.801,4.718,4.634,4.547,4.459,4.371,4.283,4.199,4.119,4.044,3.974,3.908,0,0.45145114724206054,High (>3),80
Guam,GUM,2.824,2.794,2.759,2.72,2.679,2.638,2.599,2.562,2.529,2.499,2.472,2.448,0,0.22321835587296765,Medium (2-3),81
Guyana,GUY,2.585,2.614,2.645,2.678,2.709,2.735,2.7510000000000003,2.754,2.7430000000000003,2.718,2.682,2.638,0,0.255128399939219,Medium (2-3),82
"Hong Kong SAR, China",HKG,1.035,0.932,0.939,0.901,0.927,0.966,0.984,1.028,1.064,1.055,1.127,1.204,0,0.01884212125816747,Low (<2),83
Honduras,HND,3.996,3.883,3.775,3.674,3.579,3.492,3.4130000000000003,3.34,3.273,3.212,3.154,3.1010000000000004,0,0.3268500227928886,High (>3),84
Croatia,HRV,1.39,1.38,1.34,1.33,1.35,1.41,1.38,1.4,1.47,1.5,1.46,1.46,0,0.06944233399179457,Low (<2),85
Haiti,HTI,4.303,4.182,4.065,3.953,3.849,3.753,3.664,3.58,3.5,3.424,3.35,3.28,0,0.3566327305880566,High (>3),86
Hungary,HUN,1.32,1.31,1.3,1.27,1.28,1.31,1.34,1.32,1.35,1.32,1.25,1.23,0,0.03753228992554325,Low (<2),87
Indonesia,IDN,2.484,2.475,2.474,2.479,2.486,2.4930000000000003,2.495,2.49,2.479,2.46,2.434,2.403,0,0.21744415742288412,Medium (2-3),88
Isle of Man,IMN,2.6784999999999997,2.614,1.65,2.524,2.518,2.496,2.425,2.4225000000000003,2.384,2.374,2.3440000000000003,2.334,0,0.20376842425163358,Medium (2-3),89
India,IND,3.145,3.083,3.018,2.952,2.884,2.817,2.753,2.694,2.643,2.6,2.563,2.532,0,0.23704604163500995,Medium (2-3),90
Ireland,IRL,1.89,1.94,1.97,1.96,1.94,1.87,1.93,2.01,2.1,2.07,2.07,2.05,0,0.1621334143747151,Medium (2-3),91
"Iran, Islamic Rep.",IRN,2.193,2.079,1.994,1.934,1.895,1.873,1.866,1.87,1.88,1.893,1.904,1.912,0,0.13690928430329738,Low (<2),92
Iraq,IRQ,4.965,4.879,4.795,4.713,4.634,4.557,4.4830000000000005,4.412,4.343,4.276,4.211,4.147,0,0.487463911259687,High (>3),93
Iceland,ISL,2.08,1.95,1.93,1.99,2.04,2.05,2.08,2.09,2.15,2.23,2.2,2.02,0,0.18188725117763263,Medium (2-3),94
Israel,ISR,2.95,2.92,2.89,2.95,2.9,2.84,2.88,2.9,2.96,2.96,3.03,3.0,0,0.3080079015347212,High (>3),95
Italy,ITA,1.26,1.25,1.27,1.29,1.33,1.32,1.35,1.37,1.42,1.41,1.41,1.41,0,0.06184470445221092,Low (<2),96
Jamaica,JAM,2.603,2.5780000000000003,2.552,2.525,2.498,2.47,2.442,2.414,2.387,2.36,2.334,2.309,0,0.20224889834371682,Medium (2-3),97
Jordan,JOR,4.053,3.966,3.893,3.832,3.78,3.734,3.689,3.641,3.5860000000000003,3.526,3.458,3.386,0,0.37304361039355727,High (>3),98
Japan,JPN,1.359,1.33,1.32,1.29,1.29,1.26,1.32,1.34,1.37,1.37,1.39,1.39,0,0.05880565263637746,Low (<2),99
Kazakhstan,KAZ,1.8,1.9,2.0,2.03,2.21,2.22,2.36,2.5,2.7,2.6,2.59,2.59,0,0.24114876158638507,Medium (2-3),100
Kenya,KEN,5.012,5.001,4.99,4.976,4.955,4.923,4.879,4.824,4.761,4.691,4.6160000000000005,4.538,0,0.5490047105303146,High (>3),101
Kyrgyz Republic,KGZ,2.4,2.4,2.5,2.5,2.6,2.5,2.7,2.8,2.8,2.9,3.06,3.06,0,0.3125664792584714,High (>3),102
Cambodia,KHM,3.75,3.619,3.504,3.401,3.31,3.23,3.162,3.102,3.051,3.007,2.966,2.929,0,0.2982829357240542,Medium (2-3),103
Kiribati,KIR,3.881,3.754,3.631,3.516,3.4130000000000003,3.324,3.249,3.1860000000000004,3.133,3.087,3.048,3.014,0,0.3107430481689713,High (>3),104
St. Kitts and Nevis,KNA,2.6784999999999997,2.614,2.107,2.524,2.518,2.496,2.425,2.4225000000000003,2.384,2.374,2.3440000000000003,2.334,0,0.20376842425163358,Medium (2-3),105
"Korea, Rep.",KOR,1.47,1.3,1.17,1.19,1.16,1.0759999999999998,1.123,1.25,1.192,1.149,1.226,1.244,0,0.033885427746543094,Low (<2),106
Kosovo,KSV,2.954,2.799,2.664,2.343,2.533,2.647,2.425,2.431,2.384,2.337,2.289,2.2,0,0.19541103175809152,Medium (2-3),107
Kuwait,KWT,2.869,2.7960000000000003,2.718,2.66,2.63,2.628,2.645,2.667,2.681,2.6830000000000003,2.673,2.652,0,0.2537608266220939,Medium (2-3),108
Lao PDR,LAO,4.19,3.991,3.829,3.706,3.619,3.562,3.52,3.4810000000000003,3.432,3.3680000000000003,3.29,3.2,0,0.34751557514055614,High (>3),109
Lebanon,LBN,2.226,2.137,2.044,1.948,1.854,1.765,1.686,1.621,1.57,1.535,1.513,1.5019999999999998,0,0.07749582130375324,Low (<2),110
Liberia,LBR,5.88,5.803999999999999,5.722,5.635,5.5470000000000015,5.456,5.3660000000000005,5.277,5.19,5.106,5.024,4.945,0,0.6110013675733171,High (>3),111
Libya,LBY,3.052,2.984,2.929,2.882,2.8360000000000003,2.79,2.741,2.69,2.637,2.582,2.525,2.467,0,0.23127184318492633,Medium (2-3),112
St. Lucia,LCA,2.313,2.224,2.152,2.0980000000000003,2.062,2.04,2.029,2.022,2.013,2.0,1.982,1.96,0,0.14876158638504788,Low (<2),113
Latin America & Caribbean (all income levels),LCN,2.6460000000000004,2.597,2.549,2.5,2.452,2.405,2.361,2.32,2.285,2.254,2.228,2.205,0,0.18614192371979948,Medium (2-3),114
Liechtenstein,LIE,1.57,1.52,1.47,1.36,1.44,1.49,1.43,1.42,1.43,1.71,1.4,1.69,0,0.060325178544294186,Low (<2),115
Sri Lanka,LKA,2.237,2.2430000000000003,2.252,2.263,2.274,2.286,2.298,2.311,2.323,2.335,2.343,2.347,0,0.20361647166084185,Medium (2-3),116
Lesotho,LSO,4.089,3.975,3.862,3.754,3.654,3.562,3.48,3.405,3.335,3.269,3.207,3.148,0,0.33490351010484726,High (>3),117
Lithuania,LTU,1.39,1.3,1.24,1.26,1.26,1.27,1.31,1.35,1.47,1.55,1.55,1.76,0,0.08311806716304516,Low (<2),118
Luxembourg,LUX,1.76,1.66,1.63,1.62,1.66,1.63,1.65,1.61,1.61,1.59,1.63,1.52,0,0.09527427442637898,Low (<2),119
Latvia,LVA,1.24,1.21,1.23,1.29,1.24,1.31,1.35,1.41,1.44,1.31,1.17,1.34,0,0.0253760826622094,Low (<2),120
"Macao SAR, China",MAC,0.939,0.8909999999999999,0.856,0.838,0.836,0.8490000000000001,0.8740000000000001,0.906,0.939,0.973,1.003,1.031,0,0.0,Low (<2),121
St. Martin (French part),MAF,1.8,1.8,1.8,1.8,1.8,1.8,1.8,1.8,1.8,1.8,1.8,1.8,0,0.12110621486096342,Low (<2),122
Morocco,MAR,2.698,2.611,2.535,2.47,2.418,2.385,2.377,2.398,2.443,2.509,2.583,2.652,0,0.2400850934508434,Medium (2-3),123
Monaco,MCO,2.6784999999999997,2.614,2.5585,2.524,2.518,2.496,2.425,2.4225000000000003,2.384,2.374,2.3440000000000003,2.334,0,0.20376842425163358,Medium (2-3),124
Moldova,MDA,1.568,1.535,1.511,1.497,1.489,1.487,1.487,1.4880000000000002,1.487,1.483,1.477,1.469,0,0.07202552803525304,Low (<2),125
Madagascar,MDG,5.547999999999999,5.443,5.3370000000000015,5.233,5.132999999999999,5.039,4.952,4.87,4.794,4.722,4.654,4.59,0,0.5547789089803982,High (>3),126
Maldives,MDV,3.2710000000000004,3.055,2.869,2.715,2.596,2.508,2.449,2.41,2.382,2.36,2.339,2.314,0,0.20300866129767514,Medium (2-3),127
Mexico,MEX,2.659,2.61,2.565,2.523,2.484,2.448,2.4130000000000003,2.379,2.346,2.313,2.281,2.248,0,0.19419541103175814,Medium (2-3),128
Marshall Islands,MHL,2.6784999999999997,2.614,2.5585,2.524,2.518,4.5,4.5,4.5,2.384,2.374,2.3440000000000003,2.334,0,0.20376842425163358,Medium (2-3),129
"Macedonia, FYR",MKD,1.6780000000000002,1.635,1.598,1.567,1.54,1.519,1.501,1.486,1.473,1.462,1.452,1.443,0,0.06822671326546119,Low (<2),130
Mali,MLI,6.836,6.822,6.811,6.803,6.7970000000000015,6.796,6.799,6.806,6.817,6.83,6.841,6.85,1,0.8870992250417871,High (>3),131
Malta,MLT,1.7,1.48,1.45,1.48,1.4,1.38,1.39,1.37,1.44,1.43,1.38,1.38,0,0.05728612672846072,Low (<2),132
Myanmar,MMR,2.428,2.353,2.286,2.227,2.178,2.137,2.103,2.075,2.049,2.026,2.003,1.98,0,0.15195259079167303,Medium (2-3),133
Montenegro,MNE,1.815,1.804,1.7919999999999998,1.779,1.767,1.756,1.745,1.734,1.722,1.71,1.6980000000000002,1.6869999999999998,0,0.10560705060021279,Low (<2),134
Mongolia,MNG,2.144,2.102,2.089,2.103,2.141,2.193,2.254,2.315,2.3680000000000003,2.41,2.437,2.447,0,0.2179000151952591,Medium (2-3),135
Northern Mariana Islands,MNP,2.6784999999999997,2.614,2.5585,2.524,2.518,2.496,2.425,2.4225000000000003,2.384,2.374,2.3440000000000003,2.334,0,0.20376842425163358,Medium (2-3),136
Mozambique,MOZ,5.782,5.76,5.7410000000000005,5.721,5.697,5.669,5.6320000000000014,5.587999999999999,5.5360000000000005,5.476,5.409,5.337999999999999,0,0.6695031150281112,High (>3),137
Mauritania,MRT,5.381,5.3210000000000015,5.263,5.205,5.15,5.095,5.042,4.99,4.939,4.888,4.837,4.783,0,0.5825862330952742,High (>3),138
Mauritius,MUS,1.99,1.91,1.94,1.87,1.87,1.82,1.7,1.66,1.58,1.5,1.47,1.45,0,0.07096185989971131,Low (<2),139
Malawi,MWI,6.254,6.186,6.119,6.058,6.002000000000002,5.95,5.899,5.843,5.7810000000000015,5.7120000000000015,5.636,5.553999999999999,0,0.703996353137821,High (>3),140
Malaysia,MYS,2.825,2.6830000000000003,2.544,2.418,2.307,2.216,2.146,2.093,2.052,2.023,2.002,1.986,0,0.15180063820088133,Medium (2-3),141
Namibia,NAM,4.033,3.938,3.847,3.759,3.674,3.591,3.512,3.4360000000000004,3.364,3.295,3.229,3.167,0,0.33824646710226414,High (>3),142
New Caledonia,NCL,2.63,2.47,2.37,2.3,2.18,2.2,2.29,2.2,2.166,2.2,2.193,2.172,0,0.1808235830420909,Medium (2-3),143
Niger,NER,7.725,7.704,7.681,7.657999999999999,7.636,7.617000000000001,7.602,7.593,7.587999999999999,7.585,7.584,7.581,1,1.0,High (>3),144
Nigeria,NGA,6.099,6.077000000000001,6.058,6.0420000000000025,6.029,6.02,6.015,6.015,6.017,6.021,6.022,6.017,0,0.7626500531834068,High (>3),145
Nicaragua,NIC,3.2510000000000003,3.139,3.0460000000000003,2.967,2.903,2.8480000000000003,2.802,2.759,2.717,2.675,2.631,2.585,0,0.24737881780884363,Medium (2-3),146
Netherlands,NLD,1.72,1.71,1.73,1.75,1.72,1.71,1.72,1.72,1.77,1.79,1.79,1.76,0,0.11958668895304668,Low (<2),147
Norway,NOR,1.85,1.78,1.75,1.8,1.83,1.84,1.9,1.9,1.96,1.98,1.95,1.88,0,0.14389910347971435,Low (<2),148
Nepal,NPL,4.0680000000000005,3.924,3.778,3.632,3.486,3.34,3.194,3.0460000000000003,2.899,2.755,2.619,2.496,0,0.24555538671934363,Medium (2-3),149
New Zealand,NZL,2.0,1.97,1.89,1.91,2.0,1.96,2.0,2.11,2.19,2.14,2.16,2.1,0,0.17580914754596572,Medium (2-3),150
OECD members,OED,1.805,1.777,1.76,1.767,1.7719999999999998,1.766,1.796,1.817,1.824,1.79,1.78,1.759,0,0.11806716304512994,Low (<2),151
Oman,OMN,3.72,3.488,3.297,3.144,3.029,2.951,2.906,2.887,2.886,2.894,2.901,2.899,0,0.28840601732259535,Medium (2-3),152
Other small states,OSS,4.2360000000000015,4.158,4.097,4.033,3.968,3.902,3.834,3.777,3.733,3.691,3.646,3.604,0,0.40161069746239175,High (>3),153
Pakistan,PAK,4.474,4.29,4.125,3.986,3.873,3.785,3.713,3.648,3.5810000000000004,3.509,3.43,3.347,0,0.36878893785139044,High (>3),154
Panama,PAN,2.821,2.799,2.775,2.75,2.724,2.696,2.667,2.637,2.608,2.5780000000000003,2.549,2.521,0,0.23491870536392648,Medium (2-3),155
Peru,PER,2.929,2.872,2.82,2.773,2.73,2.689,2.65,2.614,2.579,2.545,2.511,2.479,0,0.22914450691384294,Medium (2-3),156
Philippines,PHL,3.813,3.766,3.709,3.642,3.5660000000000003,3.485,3.403,3.326,3.257,3.199,3.151,3.111,0,0.32639416502051355,High (>3),157
Palau,PLW,1.535,2.614,2.5585,2.524,2.518,2.496,2.425,2.4225000000000003,2.384,2.374,2.3440000000000003,2.334,0,0.20376842425163358,Medium (2-3),158
Papua New Guinea,PNG,4.507,4.4510000000000005,4.392,4.335,4.279,4.226,4.174,4.122,4.067,4.011,3.954,3.896,0,0.4484120954262271,High (>3),159
Poland,POL,1.35,1.31,1.25,1.22,1.23,1.24,1.27,1.31,1.39,1.4,1.38,1.3,0,0.05728612672846072,Low (<2),160
Puerto Rico,PRI,2.049,1.935,1.832,1.7619999999999998,1.7819999999999998,1.77,1.712,1.651,1.652,1.653,1.664,1.653,0,0.10044066251329586,Low (<2),161
"Korea, Dem. Rep.",PRK,1.991,1.992,1.996,2.0,2.004,2.005,2.006,2.005,2.005,2.004,2.003,2.0,0,0.15195259079167303,Medium (2-3),162
Portugal,PRT,1.55,1.45,1.47,1.44,1.4,1.4,1.36,1.33,1.37,1.32,1.36,1.35,0,0.05424707491262729,Low (<2),163
Paraguay,PRY,3.677,3.595,3.512,3.429,3.346,3.266,3.1910000000000003,3.123,3.063,3.012,2.968,2.931,0,0.2985868409056375,Medium (2-3),164
Pacific island small states,PSS,3.842,3.791,3.741,3.693,3.646,3.6010000000000004,3.557,3.514,3.472,3.43,3.389,3.349,0,0.3625588816289318,High (>3),166
French Polynesia,PYF,2.463,2.414,2.37,2.329,2.289,2.251,2.216,2.184,2.156,2.132,2.11,2.092,0,0.168211518006382,Medium (2-3),167
Qatar,QAT,3.241,3.127,2.9960000000000004,2.853,2.7030000000000003,2.555,2.418,2.299,2.2030000000000003,2.133,2.085,2.055,0,0.1644127032365902,Medium (2-3),168
Romania,ROU,1.31,1.27,1.25,1.27,1.29,1.32,1.32,1.3,1.35,1.38,1.33,1.25,0,0.0496884971888771,Low (<2),169
Russian Federation,RUS,1.21,1.25,1.3,1.31,1.33,1.29,1.3,1.41,1.49,1.54,1.54,1.54,0,0.08159854125512843,Low (<2),170
Rwanda,RWA,5.897,5.7860000000000005,5.674,5.566,5.462999999999999,5.365,5.267,5.167000000000002,5.062,4.954,4.841,4.728,0,0.5831940434584411,High (>3),171
Saudi Arabia,SAU,3.99,3.804,3.634,3.482,3.349,3.234,3.136,3.05,2.971,2.898,2.829,2.763,0,0.27746543078559494,Medium (2-3),172
Sudan,SDN,5.444,5.3660000000000005,5.287000000000001,5.206,5.122999999999998,5.039,4.956,4.873,4.792,4.713,4.637,4.563,0,0.5521957149369396,High (>3),173
Senegal,SEN,5.561,5.484,5.412999999999999,5.346,5.285,5.229,5.181,5.14,5.107,5.078,5.05,5.019,0,0.6149521349339007,High (>3),174
Singapore,SGP,2.6784999999999997,1.41,1.37,1.27,1.26,1.26,1.28,1.29,1.28,1.22,1.15,1.2,0,0.022337030846375935,Low (<2),175
Solomon Islands,SLB,4.72,4.665,4.618,4.578,4.54,4.502,4.459,4.412,4.359,4.3,4.2360000000000015,4.168,0,0.49126272602947907,High (>3),176
Sierra Leone,SLE,5.92,5.845,5.759,5.664,5.56,5.4510000000000005,5.34,5.232,5.127999999999999,5.032,4.9430000000000005,4.8610000000000015,0,0.5986932077191918,High (>3),177
El Salvador,SLV,2.934,2.803,2.6830000000000003,2.58,2.496,2.4330000000000003,2.386,2.35,2.319,2.291,2.263,2.236,0,0.191460264397508,Medium (2-3),178
San Marino,SMR,2.6784999999999997,2.614,2.5585,2.524,2.518,2.496,2.425,2.4225000000000003,2.384,2.374,2.3440000000000003,2.334,0,0.20376842425163358,Medium (2-3),179
Somalia,SOM,7.61,7.556,7.495,7.4289999999999985,7.3610000000000015,7.292000000000002,7.2189999999999985,7.14,7.056,6.965,6.869,6.769,1,0.8913538975839538,High (>3),180
Serbia,SRB,1.48,1.58,1.57,1.59,1.57,1.45,1.43,1.38,1.4,1.44,1.4,1.36,0,0.060325178544294186,Low (<2),181
South Sudan,SSD,6.132999999999999,6.05,5.9620000000000015,5.871,5.777,5.68,5.5820000000000025,5.483,5.385,5.287999999999999,5.194,5.101,0,0.6368333080079016,High (>3),182
Sao Tome and Principe,STP,4.687,4.654,4.625,4.598,4.572,4.542,4.506,4.462,4.4110000000000005,4.352,4.287,4.217,0,0.49901230815985415,High (>3),183
Suriname,SUR,2.739,2.702,2.656,2.609,2.562,2.518,2.478,2.441,2.406,2.374,2.345,2.318,0,0.20392037684242523,Medium (2-3),184
Slovak Republic,SVK,1.3,1.2,1.19,1.2,1.24,1.25,1.24,1.25,1.32,1.41,1.4,1.45,0,0.060325178544294186,Low (<2),185
Slovenia,SVN,1.26,1.21,1.21,1.2,1.25,1.26,1.31,1.38,1.53,1.53,1.57,1.56,0,0.08615711897887862,Low (<2),186
Sweden,SWE,1.54,1.57,1.65,1.71,1.75,1.77,1.85,1.88,1.91,1.94,1.98,1.9,0,0.14845768120346453,Low (<2),187
Swaziland,SWZ,4.209,4.121,4.046,3.982,3.925,3.871,3.818,3.761,3.699,3.632,3.559,3.483,0,0.3883908220635162,High (>3),188
Sint Maarten (Dutch part),SXM,2.6784999999999997,2.614,2.5585,2.524,2.518,2.496,2.425,1.5,1.7,1.7,2.3440000000000003,2.334,0,0.20376842425163358,Medium (2-3),189
Seychelles,SYC,2.08,1.98,2.04,2.1,2.0,2.2,2.1,2.24,2.3,2.4,2.1,2.1,0,0.16669199209846533,Medium (2-3),190
Syrian Arab Republic,SYR,3.958,3.841,3.724,3.61,3.5010000000000003,3.401,3.313,3.237,3.173,3.1210000000000004,3.0780000000000003,3.04,0,0.31530162589272154,High (>3),191
Turks and Caicos Islands,TCA,2.6784999999999997,2.614,2.5585,2.524,2.518,2.496,2.425,2.4225000000000003,2.384,2.374,2.3440000000000003,2.334,0,0.20376842425163358,Medium (2-3),192
Chad,TCD,7.354,7.315,7.268,7.2120000000000015,7.147,7.074,6.992000000000001,6.902,6.805,6.702000000000001,6.596,6.4860000000000015,1,0.8498708402978271,High (>3),193
Togo,TGO,5.287999999999999,5.224,5.166,5.1110000000000015,5.059,5.009,4.962,4.918,4.876,4.835,4.792,4.746,0,0.575748366509649,High (>3),194
Thailand,THA,1.676,1.644,1.615,1.588,1.5630000000000002,1.539,1.517,1.496,1.477,1.459,1.443,1.4269999999999998,0,0.06685913994833614,Low (<2),195
Tajikistan,TJK,3.954,3.848,3.76,3.695,3.653,3.636,3.642,3.667,3.703,3.743,3.78,3.807,0,0.421972344628476,High (>3),196
Turkmenistan,TKM,2.837,2.783,2.741,2.701,2.66,2.615,2.569,2.523,2.482,2.445,2.412,2.381,0,0.21410120042546726,Medium (2-3),197
Timor-Leste,TLS,7.112,7.0920000000000005,7.037000000000001,6.965,6.649,6.3320000000000025,6.016,5.7,5.7,5.7,5.577999999999999,5.452999999999999,0,0.6951831028719039,High (>3),198
Tonga,TON,4.25,4.2360000000000015,4.221,4.202,4.177,4.144,4.104,4.059,4.012,3.963,3.914,3.864,0,0.4423339917945602,High (>3),199
Trinidad and Tobago,TTO,1.753,1.744,1.744,1.749,1.758,1.769,1.779,1.788,1.796,1.8,1.802,1.801,0,0.12141012004254675,Low (<2),200
Tunisia,TUN,2.08,2.05,2.0,2.06,2.02,2.04,2.03,2.04,2.06,2.05,2.13,2.13,0,0.17125056982221548,Medium (2-3),201
Turkey,TUR,2.454,2.404,2.356,2.311,2.27,2.234,2.202,2.173,2.147,2.123,2.101,2.08,0,0.16684394468925698,Medium (2-3),202
Tuvalu,TUV,2.6784999999999997,2.614,2.5585,2.524,2.518,2.496,2.425,2.4225000000000003,2.384,2.374,2.3440000000000003,2.334,0,0.20376842425163358,Medium (2-3),203
Tanzania,TZA,5.689,5.675,5.666,5.659,5.651,5.638,5.6160000000000005,5.585,5.5429999999999975,5.49,5.428,5.359,0,0.672390214253153,High (>3),204
Uganda,UGA,6.865,6.822,6.772,6.716,6.653,6.5829999999999975,6.5070000000000014,6.425,6.337999999999999,6.2479999999999976,6.155,6.06,0,0.7828597477586994,High (>3),205
Ukraine,UKR,1.1,1.1,1.1,1.2,1.2,1.2,1.31,1.345,1.39,1.46,1.445,1.459,0,0.0671630451299195,Low (<2),206
Uruguay,URY,2.2430000000000003,2.2230000000000003,2.205,2.188,2.171,2.155,2.138,2.122,2.107,2.093,2.08,2.068,0,0.16365294028263186,Medium (2-3),207
United States,USA,2.056,2.0340000000000003,2.013,2.042,2.045,2.0540000000000003,2.1,2.122,2.084,2.001,1.931,1.895,0,0.14101200425467258,Low (<2),208
Uzbekistan,UZB,2.58,2.46,2.52,2.36,2.46,2.36,2.39,2.55,2.64,2.53,2.499,2.499,0,0.22732107582434286,Medium (2-3),209
St. Vincent and the Grenadines,VCT,2.379,2.321,2.271,2.229,2.196,2.17,2.149,2.131,2.112,2.092,2.07,2.046,0,0.1621334143747151,Medium (2-3),210
"Venezuela, RB",VEN,2.822,2.779,2.739,2.701,2.664,2.629,2.595,2.562,2.531,2.501,2.472,2.444,0,0.22321835587296765,Medium (2-3),211
Virgin Islands (U.S.),VIR,2.055,1.9,2.113,2.006,2.068,2.111,1.95,1.915,1.88,1.845,1.8,1.8,0,0.12110621486096342,Low (<2),212
Vietnam,VNM,1.983,1.94,1.918,1.907,1.902,1.897,1.889,1.877,1.862,1.843,1.82,1.794,0,0.12414526667679687,Low (<2),213
Vanuatu,VUT,4.368,4.268,4.162,4.056,3.95,3.851,3.76,3.679,3.608,3.549,3.499,3.4560000000000004,0,0.3792736666160159,High (>3),214
West Bank and Gaza,PSE,5.404,5.247999999999998,5.1,4.958,4.823,4.697,4.581,4.476,4.381,4.295,4.216,4.144,0,0.4882236742136454,High (>3),165
Samoa,WSM,4.503,4.476,4.46,4.454,4.456,4.46,4.46,4.45,4.426,4.388999999999999,4.338,4.277,0,0.5067618902902294,High (>3),215
"Yemen, Rep.",YEM,6.363,6.166,5.975,5.782,5.587999999999999,5.393,5.199,5.01,4.829,4.658,4.498,4.348,0,0.5310743048168972,High (>3),216
South Africa,ZAF,2.866,2.834,2.801,2.763,2.721,2.675,2.627,2.58,2.5380000000000003,2.5,2.467,2.438,0,0.22245859291900932,Medium (2-3),217
"Congo, Dem. Rep.",COD,7.089,7.027,6.96,6.8870000000000005,6.809,6.728,6.642,6.55,6.454,6.354,6.251,6.146,0,0.7974471964747,High (>3),41
Zambia,ZMB,6.0710000000000015,6.044,6.018,5.995,5.974,5.954,5.932,5.908,5.881,5.849,5.813,5.773,0,0.7308919617079471,High (>3),218
Zimbabwe,ZWE,4.069,4.039,4.018,4.002,3.987,3.969,3.941,3.903,3.853,3.792,3.721,3.643,0,0.4130071417717672,High (>3),219
